{
    "spotlight": {
        "id": 2,
        "name": "Firefly",
        "rating": "#5 in Germany Today",
        "desc": "One found fame and fortune. The other love and family. Lifelong best friends who are as different as can be — and devoted as it gets."
    },
    "sections": [
        {
            "title": "Continue Watching for PETER",
            "type": "continue",
            "series": [
                {
                    "id": 1,
                    "progress": 25,
                    "title": "Bridergton",
                    "season": "S1:E3"
                },
                {
                    "id": 2,
                    "progress": 80,
                    "title": "Lupin",
                    "season": "S1:E5"
                },
                {
                    "id": 3,
                    "progress": 12,
                    "title": "Money Heist",
                    "season": "S3:E4"
                }
            ]
        },
        {
            "title": "Netflix Originals",
            "type": "original",
            "series": [
                {
                    "id": 1
                },
                {
                    "id": 2
                },
                {
                    "id": 3
                }
            ]
        },
        {
            "title": "Trending Now",
            "type": "series",
            "series": [
                {
                    "id": 4
                },
                {
                    "id": 5
                },
                {
                    "id": 6
                },
                {
                    "id": 7
                },
                {
                    "id": 8
                }
            ]
        }
    ]
}