[
  {
    "title": "HOW TO VLOG LIKE CASEY NEISTAT by CASEY NEISTAT by CaseyNeistat",
    "author": "CaseyNeistat",
    "views": "5.2M",
    "ago": "4 years",
    "duration": 849,
    "id": 1
  },
  {
    "title": "Dwigth Thinks it's Friday - The Office US",
    "author": "The Office",
    "views": "4.1M",
    "ago": "8 months",
    "duration": 159,
    "id": 2
  },
  {
    "title": "How to use the Sheet Modal in Ionic Framework and React (Ionic V6)",
    "author": "Alan Montgomery",
    "views": "78",
    "ago": "13 hours",
    "duration": 645,
    "id": 3
  },
  {
    "title": "HOW TO VLOG LIKE CASEY NEISTAT by CASEY NEISTAT by CaseyNeistat",
    "author": "CaseyNeistat",
    "views": "5.2M",
    "ago": "4 years",
    "duration": 849,
    "id": 1
  },
  {
    "title": "Dwigth Thinks it's Friday - The Office US",
    "author": "The Office",
    "views": "4.1M",
    "ago": "8 months",
    "duration": 159,
    "id": 2
  },
  {
    "title": "How to use the Sheet Modal in Ionic Framework and React (Ionic V6)",
    "author": "Alan Montgomery",
    "views": "78",
    "ago": "13 hours",
    "duration": 645,
    "id": 3
  }
]
